{
  "Lx": 12,
  "Ly": 12,
  "beta": 1.187,
  "Nwarm": 100,
  "Nskip": 15,
  "Nmeas": 2000,
  "Nmd": 3,
  "batch_size": 64,
  "xi": 2.9906744956970215,
  "xi_err": 0.006051067502663001,
  "chi_m": 19.46247673034668,
  "chi_m_err": 0.05617605149745941,
  "c2p": 5.730032444000244,
  "c2p_err": 0.013737386092543602,
  "chi_top": 0.00950267817825079,
  "chi_top_err": 4.8751377272638777e-05,
  "tau_int_chi_m_mean": 1.5644574165344238,
  "tau_int_chi_m_std": 0.138783261179924,
  "tau_int_c2p_mean": 1.1813788414001465,
  "tau_int_c2p_std": 0.09813655912876129,
  "tau_int_q_mean": 1.0239030122756958,
  "tau_int_q_std": 0.04227571561932564
}