{
  "shape": [
    16,
    16
  ],
  "m2": 1.0,
  "lam": 0.0,
  "nwarm": 500,
  "nmeas": 2000,
  "batch_size": 8,
  "nmd": 50,
  "tau": 1.0,
  "gamma": 0.3,
  "dt": 0.02,
  "C_sad_mean": [
    0.447213739156723,
    0.1708206981420517,
    0.06524823606014252,
    0.024924010038375854,
    0.009523809887468815,
    0.0036474165972322226,
    0.0014184396713972092,
    0.0006079025333747268,
    0.00040526839438825846,
    0.0006079025333747268,
    0.0014184395549818873,
    0.0036474165972322226,
    0.00952380895614624,
    0.024924011901021004,
    0.06524823606014252,
    0.1708206981420517
  ],
  "C_sad_err": [
    0.0,
    0.0,
    0.0,
    0.0,
    0.0,
    0.0,
    0.0,
    0.0,
    0.0,
    0.0,
    0.0,
    0.0,
    0.0,
    0.0,
    0.0,
    0.0
  ],
  "C_std_mean": [
    0.45232470008186976,
    0.17246487801572732,
    0.06222994207045904,
    0.015958612618800418,
    -0.006697428967127987,
    -0.0010816148328630115,
    0.004730225595521185,
    0.0015008328136189096,
    -0.004265624253665076,
    0.00034341341493935326,
    0.002874862218302993,
    0.00438818181508481,
    0.016842411856958638,
    0.02458842923992998,
    0.059408378400226156,
    0.16399654178823436
  ],
  "C_std_err": [
    0.005636754632745996,
    0.0063856334016626735,
    0.00611244823319967,
    0.00480963245955125,
    0.004440575004922725,
    0.004112537261856649,
    0.004549116640857961,
    0.0036778293223412167,
    0.0038896755855937154,
    0.00426741364808692,
    0.0039810922233408305,
    0.004597186931379517,
    0.006150154000678758,
    0.006070233174033489,
    0.004828825626789009,
    0.004608273294396763
  ],
  "C_sad_chains": [
    [
      0.447213739156723,
      0.1708206981420517,
      0.06524823606014252,
      0.024924010038375854,
      0.009523809887468815,
      0.0036474165972322226,
      0.0014184396713972092,
      0.0006079025333747268,
      0.00040526839438825846,
      0.0006079025333747268,
      0.0014184395549818873,
      0.0036474165972322226,
      0.00952380895614624,
      0.024924011901021004,
      0.06524823606014252,
      0.1708206981420517
    ],
    [
      0.447213739156723,
      0.1708206981420517,
      0.06524823606014252,
      0.024924010038375854,
      0.009523809887468815,
      0.0036474165972322226,
      0.0014184396713972092,
      0.0006079025333747268,
      0.00040526839438825846,
      0.0006079025333747268,
      0.0014184395549818873,
      0.0036474165972322226,
      0.00952380895614624,
      0.024924011901021004,
      0.06524823606014252,
      0.1708206981420517
    ],
    [
      0.447213739156723,
      0.1708206981420517,
      0.06524823606014252,
      0.024924010038375854,
      0.009523809887468815,
      0.0036474165972322226,
      0.0014184396713972092,
      0.0006079025333747268,
      0.00040526839438825846,
      0.0006079025333747268,
      0.0014184395549818873,
      0.0036474165972322226,
      0.00952380895614624,
      0.024924011901021004,
      0.06524823606014252,
      0.1708206981420517
    ],
    [
      0.447213739156723,
      0.1708206981420517,
      0.06524823606014252,
      0.024924010038375854,
      0.009523809887468815,
      0.0036474165972322226,
      0.0014184396713972092,
      0.0006079025333747268,
      0.00040526839438825846,
      0.0006079025333747268,
      0.0014184395549818873,
      0.0036474165972322226,
      0.00952380895614624,
      0.024924011901021004,
      0.06524823606014252,
      0.1708206981420517
    ],
    [
      0.447213739156723,
      0.1708206981420517,
      0.06524823606014252,
      0.024924010038375854,
      0.009523809887468815,
      0.0036474165972322226,
      0.0014184396713972092,
      0.0006079025333747268,
      0.00040526839438825846,
      0.0006079025333747268,
      0.0014184395549818873,
      0.0036474165972322226,
      0.00952380895614624,
      0.024924011901021004,
      0.06524823606014252,
      0.1708206981420517
    ],
    [
      0.447213739156723,
      0.1708206981420517,
      0.06524823606014252,
      0.024924010038375854,
      0.009523809887468815,
      0.0036474165972322226,
      0.0014184396713972092,
      0.0006079025333747268,
      0.00040526839438825846,
      0.0006079025333747268,
      0.0014184395549818873,
      0.0036474165972322226,
      0.00952380895614624,
      0.024924011901021004,
      0.06524823606014252,
      0.1708206981420517
    ],
    [
      0.447213739156723,
      0.1708206981420517,
      0.06524823606014252,
      0.024924010038375854,
      0.009523809887468815,
      0.0036474165972322226,
      0.0014184396713972092,
      0.0006079025333747268,
      0.00040526839438825846,
      0.0006079025333747268,
      0.0014184395549818873,
      0.0036474165972322226,
      0.00952380895614624,
      0.024924011901021004,
      0.06524823606014252,
      0.1708206981420517
    ],
    [
      0.447213739156723,
      0.1708206981420517,
      0.06524823606014252,
      0.024924010038375854,
      0.009523809887468815,
      0.0036474165972322226,
      0.0014184396713972092,
      0.0006079025333747268,
      0.00040526839438825846,
      0.0006079025333747268,
      0.0014184395549818873,
      0.0036474165972322226,
      0.00952380895614624,
      0.024924011901021004,
      0.06524823606014252,
      0.1708206981420517
    ]
  ],