{
  "shape": [
    16,
    16
  ],
  "m2": -0.4,
  "lam": 2.4,
  "nwarm": 1000,
  "nmeas": 5000,
  "batch_size": 8,
  "nmd": 10,
  "tau": 1.0,
  "gamma": 0.3,
  "dt": 0.1,
  "C_sad_mean": [
    1.762264513455634,
    1.3387826440282922,
    1.0245553968647378,
    0.7913152865406998,
    0.6214252355057193,
    0.5021681259245728,
    0.42405674865807164,
    0.38003941637918615,
    0.36557636683082606,
    0.3794540188346982,
    0.423432342336775,
    0.5014344055443304,
    0.6212778006814013,
    0.791371775971126,
    1.024832339769666,
    1.3389872501065607
  ],
  "C_sad_err": [
    0.006630836328331839,
    0.005681221277041071,
    0.0047543189119688386,
    0.00372466096903474,
    0.002858857097904204,
    0.0026199897378975175,
    0.002751043845308539,
    0.002994119889813299,
    0.0033777751370312327,
    0.003732319396583263,
    0.004286201584155088,
    0.00476175635460742,
    0.005156713764636049,
    0.005849042076058611,
    0.006730307756470073,
    0.007062801256684788
  ],
  "C_std_mean": [
    1.7313340119239815,
    1.2975557691217343,
    0.9929213603848241,
    0.7708419778363272,
    0.6146162829500182,
    0.4966403377100057,
    0.4302804303407708,
    0.38949133073193054,
    0.3758175942030988,
    0.3910990868692299,
    0.4280977080298881,
    0.5018749626338097,
    0.6161779893804954,
    0.7730273629460875,
    0.9996517967206748,
    1.3102855681389811
  ],
  "C_std_err": [
    0.017504709057774095,
    0.0171084923965371,
    0.013668634649216676,
    0.011564807439465093,
    0.007817463091612232,
    0.006703122483791689,
    0.007599097404714917,
    0.011666187585553742,
    0.019031266028971865,
    0.022183767681701678,
    0.022731099607104233,
    0.021150499674647383,
    0.021008797591017044,
    0.02033437586896943,
    0.01985298340333591,
    0.018024926842112165
  ],
  "C_sad_chains": [
    [
      1.743498593692109,
      1.3226092068422586,
      1.011011525655631,
      0.7787031212707051,
      0.6098181353767402,
      0.491394105405733,
      0.41389044110137035,
      0.36915840508169495,
      0.3545403944701655,
      0.36799316160255113,
      0.4110947402260499,
      0.48880234129854944,
      0.6088822481494397,
      0.7777015449517406,
      1.0092004869776312,
      1.3216057411731221
    ],
    [
      1.738620699764043,
      1.3215508284185082,
      1.0141884832520038,
      0.7908151998704299,
      0.6253303986344486,
      0.5069816532295663,
      0.4299286541180918,
      0.3860443673377391,
      0.3722960075856652,
      0.38704476478330324,
      0.4308505061654374,
      0.5063814085584832,
      0.6202599240136333,
      0.7817978467602282,
      1.0065502330139744,
      1.3143973561368882
    ],
    [
      1.76940570722837,
      1.3436804329194127,
      1.028555762555264,
      0.7960130924641154,
      0.6261184778865426,
      0.506752869939059,
      0.42726161436245313,
      0.38248726012669504,
      0.3686591179934796,
      0.3811379711872374,
      0.4234192306552548,
      0.499659450830752,
      0.6194260370121804,
      0.7901141212688759,
      1.0241306417492217,
      1.3445636398473755
    ],
    [
      1.7725312356740237,
      1.3515592829918024,
      1.0332440902282485,
      0.794703124366235,
      0.6196440059006679,
      0.4984727849431569,
      0.42089539025919515,
      0.3755483385924599,
      0.359541378006828,
      0.3726209431562806,
      0.4159714101742953,
      0.49370883564180695,
      0.6144394920489751,
      0.7883254747067578,
      1.0261094603979029,
      1.343285845251754
    ],
    [
      1.7414444262947888,
      1.322212337063346,
      1.0126318762895652,
      0.7801258414361626,
      0.6117894880076871,
      0.49247857031803577,
      0.4118012626953947,
      0.36679968531131746,
      0.34985835001347587,
      0.36209065261066425,
      0.40365610435872806,
      0.48079381203521043,
      0.5991814379607793,
      0.7673342112841085,
      0.9991684612568934,
      1.3139565360303969
    ],
    [
      1.7714949835389853,
      1.3368465464256705,
      1.016006462842552,
      0.783084093476506,
      0.6176247580640017,
      0.5016955863114679,
      0.42705943947683556,
      0.3862271815723507,
      0.37424754801401866,
      0.3895436867444776,
      0.43710376695878805,
      0.5193211233141366,
      0.6394243949386756,
      0.807508328009164,
      1.0405223081481176,
      1.354268857099861
    ],
    [
      1.7907207280278206,
      1.3658337192840875,
      1.049509569241898,
      0.8103300727033987,
      0.6326748596452875,
      0.5093708028537222,
      0.42803954848971915,
      0.38476322375780436,
      0.3735534855043981,
      0.38927031227597036,
      0.43557917677662333,
      0.5176541564519983,
      0.6422832566278055,
      0.8180384385956452,
      1.0540094312638977,
      1.3670344467816875
    ],
    [
      1.7703997334249317,
      1.3459687982812525,
      1.0312954048527405,
      0.7967477467380464,
      0.6284017605303787,
      0.5101986343958415,
      0.43357763876151295,
      0.3892868692534277,
      0.37191465305857707,
      0.38593065831710116,
      0.42978380337902344,
      0.505154116223706,
      0.6263256146997214,
      0.8001542421924882,
      1.0389676953496878,
      1.3527855785313994
    ]
  ],