{
  "Lx": 8,
  "Ly": 8,
  "beta": 1.05,
  "Nwarm": 100,
  "Nskip": 15,
  "Nmeas": 2000,
  "Nmd": 3,
  "batch_size": 32,
  "xi": 2.0022058486938477,
  "xi_err": 0.00543725334938348,
  "chi_m": 10.340703010559082,
  "chi_m_err": 0.035754237323999405,
  "c2p": 3.0883285999298096,
  "c2p_err": 0.009865649044513702,
  "chi_top": 0.013825492933392525,
  "chi_top_err": 8.389907954202465e-05,
  "tau_int_chi_m_mean": 1.1196441650390625,
  "tau_int_chi_m_std": 0.0873401015996933,
  "tau_int_c2p_mean": 1.038967490196228,
  "tau_int_c2p_std": 0.046012040227651596,
  "tau_int_q_mean": 1.0212562084197998,
  "tau_int_q_std": 0.05073719844222069
}