{
  "Lx": 24,
  "Ly": 24,
  "beta": 1.375,
  "Nwarm": 100,
  "Nskip": 15,
  "Nmeas": 2000,
  "Nmd": 3,
  "batch_size": 64,
  "xi": 5.9903883934021,
  "xi_err": 0.02120697562938426,
  "chi_m": 61.30458450317383,
  "chi_m_err": 0.29663941264152527,
  "c2p": 17.792722702026367,
  "c2p_err": 0.06295663863420486,
  "chi_top": 0.004474367015063763,
  "chi_top_err": 1.8988725477676257e-05,
  "tau_int_chi_m_mean": 4.55126953125,
  "tau_int_chi_m_std": 0.6243086457252502,
  "tau_int_c2p_mean": 2.5513217449188232,
  "tau_int_c2p_std": 0.2842450737953186,
  "tau_int_q_mean": 1.0456507205963135,
  "tau_int_q_std": 0.0723871961236
}